{
  "showPreviousViewOnLoad": true,
  "defaultZoomValue": "",
  "sidebarViewOnLoad": 0,
  "cursorToolOnLoad": 0,
  "enableWebGL": false,
  "eventBusDispatchToDOM": false,
  "pdfBugEnabled": false,
  "disableRange": false,
  "disableStream": false,
  "disableAutoFetch": false,
  "disableFontFace": false,
  "textLayerMode": 1,
  "useOnlyCssZoom": false,
  "externalLinkTarget": 0,
  "renderer": "canvas",
  "renderInteractiveForms": false,
  "enablePrintAutoRotate": false,
  "disableOpenActionDestination": true,
  "disablePageMode": false,
  "disablePageLabels": false,
  "historyUpdateUrl": false,
  "scrollModeOnLoad": 0,
  "spreadModeOnLoad": 0
}
